Sample_id,Sample_label
1,3
2,9
3,1
4,1
5,1
6,5
7,9
8,8
9,8
10,9
11,5
12,4
13,2
14,8
15,4
16,8
17,6
18,1
19,3
20,2
21,2
22,6
23,4
24,2
25,2
26,4
27,3
28,8
29,5
30,8
31,4
32,5
33,8
34,5
35,4
36,4
37,10
38,1
39,1
40,4
41,5
42,2
43,6
44,8
45,4
46,2
47,4
48,2
49,4
50,4
51,2
52,6
53,4
54,8
55,3
56,9
57,9
58,1
59,6
60,6
61,4
62,6
63,4
64,1
65,5
66,2
67,8
68,4
69,2
70,8
71,8
72,7
73,6
74,5
75,8
76,2
77,8
78,9
79,9
80,4
81,6
82,1
83,1
84,2
85,3
86,1
87,1
88,9
89,8
90,5
91,5
92,5
93,1
94,1
95,5
96,8
97,5
98,4
99,2
100,5
101,1
102,4
103,4
104,1
105,4
106,2
107,8
108,1
109,2
110,10
111,3
112,6
113,8
114,8
115,1
116,8
117,1
118,1
119,5
120,3
121,8
122,1
123,2
124,1
125,5
126,5
127,10
128,1
129,6
130,2
131,5
132,8
133,10
134,6
135,4
136,4
137,6
138,3
139,7
140,8
141,1
142,1
143,10
144,5
145,6
146,8
147,2
148,7
149,5
150,1
151,2
152,8
153,2
154,4
155,4
156,1
157,10
158,8
159,8
160,5
161,7
162,4
163,5
164,2
165,4
166,7
167,8
168,5
169,4
170,5
171,2
172,5
173,8
174,6
175,1
176,2
177,5
178,1
179,8
180,10
181,1
182,8
183,2
184,6
185,2
186,1
187,6
188,4
189,2
190,10
191,4
192,2
193,7
194,9
195,4
196,3
197,2
198,1
199,7
200,10
201,2
202,4
203,7
204,1
205,4
206,5
207,6
208,2
209,5
210,6
211,4
212,4
213,4
214,1
215,1
216,1
217,5
218,2
219,4
220,2
221,6
222,8
223,2
224,5
225,1
226,2
227,1
228,7
229,6
230,5
231,7
232,6
233,4
234,1
235,1
236,1
237,5
238,5
239,8
240,8
241,8
242,5
243,5
244,8
245,6
246,4
247,6
248,2
249,7
250,2
251,1
252,4
253,1
254,3
255,1
256,2
257,5
258,4
259,1
260,2
261,6
262,2
263,2
264,7
265,4
266,4
267,1
268,7
269,2
270,8
271,1
272,2
273,4
274,9
275,8
276,2
277,5
278,1
279,6
280,2
281,4
282,1
283,1
284,5
285,8
286,1
287,4
288,10
289,1
290,2
291,1
292,7
293,10
294,1
295,5
296,4
297,1
298,5
299,1
300,1
301,8
302,5
303,6
304,1
305,6
306,3
307,1
308,1
309,1
310,2
311,8
312,3
313,2
314,7
315,9
316,9
317,4
318,1
319,2
320,1
321,10
322,2
323,8
324,1
325,10
326,8
327,9
328,1
329,5
330,1
331,1
332,7
333,8
334,1
335,1
336,10
337,6
338,8
339,6
340,6
341,4
342,4
343,8
344,2
345,1
346,2
347,9
348,5
349,5
350,2
351,1
352,3
353,1
354,6
355,2
356,1
357,5
358,3
359,8
360,1
361,8
362,5
363,8
364,4
365,4
366,3
367,1
368,2
369,4
370,4
371,1
372,2
373,7
374,6
375,5
376,4
377,4
378,1
379,1
380,1
381,8
382,1
383,8
384,2
385,8
386,6
387,3
388,1
389,1
390,2
391,4
392,1
393,6
394,1
395,4
396,7
397,1
398,4
399,8
400,8
401,6
402,1
403,4
404,2
405,2
406,2
407,5
408,4
409,1
410,1
411,1
412,4
413,8
414,8
415,2
416,1
417,9
418,1
419,6
420,2
421,7
422,4
423,10
424,4
425,1
426,4
427,2
428,6
429,8
430,5
431,6
432,10
433,2
434,4
435,8
436,5
437,8
438,3
439,10
440,6
441,7
442,5
443,7
444,8
445,6
446,3
447,1
448,10
449,9
450,8
451,8
452,4
453,1
454,1
455,2
456,10
457,9
458,8
459,5
460,8
461,1
462,1
463,10
464,1
465,8
466,8
467,10
468,6
469,6
470,8
471,6
472,1
473,2
474,5
475,2
476,1
477,2
478,8
479,6
480,6
481,2
482,10
483,4
484,9
485,4
486,6
487,8
488,1
489,7
490,2
491,1
492,6
493,1
494,6
495,2
496,1
497,3
498,6
499,1
500,10
501,6
502,1
503,5
504,7
505,5
506,2
507,1
508,8
509,2
510,8
511,4
512,5
513,1
514,2
515,9
516,5
517,2
518,6
519,1
520,1
521,3
522,5
523,8
524,1
525,1
526,6
527,10
528,6
529,4
530,2
531,2
532,5
533,2
534,10
535,1
536,1
537,1
538,1
539,3
540,4
541,3
542,3
543,5
544,8
545,1
546,2
547,2
548,8
549,5
550,5
551,4
552,5
553,10
554,4
555,8
556,2
557,1
558,7
559,9
560,2
561,1
562,4
563,2
564,9
565,2
566,8
567,6
568,10
569,2
570,4
571,8
572,1
573,1
574,5
575,2
576,3
577,4
578,1
579,4
580,2
581,3
582,4
583,1
584,4
585,2
586,5
587,1
588,1
589,6
590,5
591,1
592,7
593,1
594,8
595,1
596,1
597,6
598,8
599,4
600,1
601,5
602,7
603,10
604,5
605,9
606,1
607,1
608,8
609,9
610,2
611,8
612,10
613,6
614,9
615,8
616,6
617,1
618,1
619,2
620,1
621,1
622,1
623,1
624,5
625,2
626,7
627,5
628,5
629,5
630,4
631,4
632,5
633,2
634,4
635,1
636,4
637,6
638,1
639,10
640,2
641,2
642,4
643,8
644,8
645,1
646,1
647,2
648,10
649,6
650,5
651,3
652,1
653,6
654,10
655,6
656,1
657,4
658,9
659,1
660,4
661,6
662,1
663,4
664,4
665,4
666,9
667,5
668,8
669,9
670,8
671,4
672,4
673,1
674,5
675,7
676,1
677,1
678,1
679,1
680,1
681,1
682,1
683,1
684,2
685,4
686,6
687,6
688,4
689,2
690,1
691,5
692,4
693,10
694,5
695,6
696,4
697,1
698,2
699,6
700,4
701,2
702,4
703,1
704,4
705,4
706,2
707,1
708,10
709,4
710,1
711,8
712,2
713,5
714,1
715,7
716,6
717,1
718,9
719,1
720,2
721,6
722,2
723,8
724,2
725,4
726,2
727,5
728,4
729,1
730,1
731,1
732,2
733,5
734,4
735,8
736,5
737,5
738,4
739,4
740,1
741,4
742,2
743,6
744,8
745,10
746,10
747,6
748,10
749,5
750,6
751,6
752,3
753,2
754,10
755,6
756,1
757,4
758,8
759,6
760,1
761,2
762,1
763,5
764,6
765,1
766,9
767,1
768,4
769,8
770,2
771,8
772,1
773,2
774,1
775,5
776,6
777,1
778,7
779,8
780,5
781,1
782,5
783,1
784,9
785,2
786,1
787,2
788,9
789,8
790,1
791,2
792,8
793,8
794,9
795,2
796,5
797,7
798,8
799,1
800,6
801,1
802,2
803,4
804,1
805,1
806,2
807,5
808,1
809,5
810,2
811,4
812,10
813,2
814,10
815,2
816,1
817,6
818,4
819,7
820,4
821,1
822,1
823,2
824,1
825,6
826,4
827,8
828,2
829,10
830,2
831,6
832,9
833,8
834,8
835,8
836,2
837,1
838,4
839,5
840,8
841,2
842,2
843,10
844,4
845,5
846,4
847,7
848,6
849,8
850,4
851,2
852,1
853,2
854,4
855,5
856,4
857,8
858,6
859,9
860,6
861,1
862,9
863,2
864,1
865,6
866,9
867,1
868,9
869,8
870,2
871,1
872,1
873,1
874,8
875,6
876,10
877,8
878,5
879,5
880,8
881,2
882,4
883,4
884,2
885,6
886,4
887,4
888,1
889,4
890,4
891,4
892,2
893,4
894,8
895,1
896,7
897,5
898,4
899,2
900,6
901,8
902,2
903,2
904,8
905,8
906,2
907,8
908,8
909,8
910,4
911,1
912,6
913,10
914,1
915,1
916,5
917,1
918,4
919,4
920,1
921,5
922,1
923,1
924,1
925,4
926,10
927,8
928,6
929,6
930,8
931,2
932,1
933,2
934,2
935,4
936,1
937,5
938,4
939,4
940,6
941,5
942,1
943,4
944,9
945,2
946,1
947,1
948,4
949,2
950,2
951,4
952,7
953,1
954,10
955,4
956,6
957,1
958,5
959,1
960,10
961,9
962,2
963,10
964,1
965,6
966,7
967,6
968,6
969,5
970,2
971,4
972,2
973,1
974,10
975,9
976,9
977,4
978,2
979,6
980,6
981,2
982,1
983,10
984,4
985,8
986,1
987,4
988,8
989,4
990,2
991,7
992,10
993,4
994,5
995,4
996,4
997,6
998,5
999,3
1000,1
1001,1
1002,8
1003,5
1004,3
1005,2
1006,1
1007,1
1008,2
1009,1
1010,8
1011,1
1012,4
1013,2
1014,1
1015,6
1016,8
1017,1
1018,1
1019,1
1020,1
1021,1
1022,3
1023,1
1024,10
1025,8
1026,3
1027,1
1028,4
1029,1
1030,8
1031,3
1032,2
1033,1
1034,9
1035,2
1036,4
1037,6
1038,9
1039,1
1040,6
1041,4
1042,2
1043,6
1044,4
1045,5
1046,9
1047,1
1048,6
1049,6
1050,1
1051,1
1052,1
1053,2
1054,7
1055,6
1056,5
1057,5
1058,2
1059,4
1060,1
1061,5
1062,4
1063,1
1064,2
1065,6
1066,1
1067,6
1068,6
1069,1
1070,3
1071,4
1072,4
1073,5
1074,1
1075,4
1076,5
1077,4
1078,5
1079,6
1080,4
1081,1
1082,2
1083,8
1084,2
1085,1
1086,7
1087,5
1088,1
1089,8
1090,5
1091,1
1092,5
1093,1
1094,6
1095,4
1096,1
1097,2
1098,8
1099,1
1100,10
1101,10
1102,9
1103,7
1104,7
1105,2
1106,4
1107,4
1108,6
1109,4
1110,1
1111,4
1112,8
1113,6
1114,8
1115,10
1116,6
1117,3
1118,9
1119,1
1120,10
1121,4
1122,5
1123,2
1124,4
1125,8
1126,2
1127,7
1128,2
1129,5
1130,1
1131,4
1132,3
1133,8
1134,10
1135,5
1136,1
1137,6
1138,9
1139,6
1140,1
1141,8
1142,4
1143,2
1144,4
1145,1
1146,2
1147,2
1148,6
1149,2
1150,1
1151,2
1152,10
1153,1
1154,4
1155,2
1156,5
1157,6
1158,2
1159,6
1160,1
1161,2
1162,7
1163,10
1164,1
1165,2
1166,2
1167,4
1168,4
1169,5
1170,2
1171,5
1172,2
1173,6
1174,5
1175,2
1176,6
1177,5
1178,4
1179,5
1180,4
1181,8
1182,2
1183,6
1184,4
1185,10
1186,4
1187,8
1188,4
1189,7
1190,1
1191,1
1192,6
1193,1
1194,10
1195,1
1196,8
1197,3
1198,7
1199,3
1200,2
1201,2
1202,1
1203,9
1204,5
1205,2
1206,9
1207,6
1208,3
1209,4
1210,5
1211,9
1212,2
1213,1
1214,1
1215,10
1216,6
1217,5
1218,4
1219,5
1220,4
1221,1
1222,2
1223,6
1224,8
1225,5
1226,1
1227,2
1228,1
1229,4
1230,6
1231,5
1232,1
1233,2
1234,2
1235,6
1236,8
1237,5
1238,5
1239,2
1240,4
1241,9
1242,1
1243,3
1244,6
1245,1
1246,4
1247,8
1248,9
1249,4
1250,1
1251,4
1252,4
1253,2
1254,1
1255,9
1256,6
1257,9
1258,4
1259,5
1260,5
1261,5
1262,6
1263,1
1264,6
1265,8
1266,2
1267,1
1268,3
1269,4
1270,7
1271,5
1272,4
1273,4
1274,2
1275,6
1276,4
1277,6
1278,1
1279,6
1280,1
1281,5
1282,6
1283,6
1284,4
1285,4
1286,1
1287,4
1288,8
1289,7
1290,6
1291,8
1292,1
1293,2
1294,4
1295,2
1296,5
1297,1
1298,4
1299,6
1300,2
1301,5
1302,7
1303,6
1304,8
1305,1
1306,1
1307,7
1308,8
1309,8
1310,6
1311,3
1312,6
1313,8
1314,2
1315,4
1316,4
1317,1
1318,2
1319,6
1320,1
1321,6
1322,5
1323,4
1324,4
1325,1
1326,1
1327,1
1328,4
1329,5
1330,10
1331,4
1332,1
1333,5
1334,1
1335,1
1336,2
1337,2
1338,7
1339,2
1340,1
1341,7
1342,8
1343,1
1344,2
1345,9
1346,5
1347,4
1348,1
1349,1
1350,4
1351,10
1352,2
1353,1
1354,4
1355,10
1356,2
1357,8
1358,1
1359,4
1360,1
1361,4
1362,8
1363,9
1364,4
1365,5
1366,5
1367,1
1368,3
1369,2
1370,1
1371,5
1372,1
1373,9
1374,2
1375,5
1376,10
1377,1
1378,4
1379,4
1380,6
1381,1
1382,6
1383,4
1384,6
1385,5
1386,4
1387,5
1388,6
1389,8
1390,2
1391,6
1392,1
1393,4
1394,1
1395,1
1396,2
1397,6
1398,4
1399,9
1400,5
1401,4
1402,2
1403,6
1404,4
1405,5
1406,5
1407,1
1408,2
1409,9
1410,4
1411,6
1412,8
1413,1
1414,1
1415,5
1416,1
1417,6
1418,5
1419,6
1420,4
1421,6
1422,5
1423,4
1424,4
1425,6
1426,8
1427,6
1428,4
1429,9
1430,5
1431,1
1432,1
1433,5
1434,2
1435,7
1436,7
1437,2
1438,3
1439,6
1440,1
1441,1
1442,5
1443,5
1444,8
1445,1
1446,2
1447,6
1448,2
1449,8
1450,1
1451,4
1452,4
1453,1
1454,1
1455,2
1456,1
1457,1
1458,8
1459,6
1460,1
1461,10
1462,7
1463,1
1464,2
1465,1
1466,7
1467,1
1468,6
1469,4
1470,6
1471,3
1472,6
1473,1
1474,1
1475,4
1476,5
1477,7
1478,2
1479,4
1480,5
1481,3
1482,9
1483,1
1484,7
1485,1
1486,4
1487,1
1488,4
1489,2
1490,8
1491,2
1492,10
1493,8
1494,9
1495,8
1496,7
1497,1
1498,2
1499,8
1500,2
1501,9
1502,1
1503,6
1504,4
1505,1
1506,8
1507,3
1508,1
1509,4
1510,10
1511,8
1512,2
1513,1
1514,8
1515,5
1516,5
1517,10
1518,4
1519,5
1520,5
1521,8
1522,8
1523,1
1524,2
1525,4
1526,8
1527,1
1528,2
1529,1
1530,10
1531,5
1532,1
1533,4
1534,2
1535,1
1536,6
1537,4
1538,1
1539,8
1540,2
1541,1
1542,1
1543,1
1544,4
1545,2
1546,2
1547,1
1548,1
1549,1
1550,2
1551,8
1552,4
1553,5
1554,1
1555,8
1556,4
1557,10
1558,1
1559,1
1560,4
1561,5
1562,2
1563,7
1564,10
1565,8
1566,4
1567,1
1568,3
1569,8
1570,2
1571,2
1572,3
1573,10
1574,6
1575,6
1576,2
1577,3
1578,4
1579,2
1580,5
1581,1
1582,8
1583,2
1584,7
1585,4
1586,1
1587,3
1588,5
1589,6
1590,10
1591,3
1592,8
1593,9
1594,1
1595,3
1596,1
1597,8
1598,4
1599,9
1600,6
1601,9
1602,4
1603,8
1604,6
1605,1
1606,10
1607,8
1608,4
1609,2
1610,5
1611,6
1612,1
1613,2
1614,6
1615,5
1616,1
1617,2
1618,2
1619,1
1620,5
1621,2
1622,5
1623,2
1624,4
1625,9
1626,1
1627,2
1628,10
1629,3
1630,8
1631,9
1632,4
1633,9
1634,1
1635,1
1636,5
1637,4
1638,8
1639,1
1640,3
1641,1
1642,9
1643,5
1644,6
1645,6
1646,7
1647,2
1648,5
1649,4
1650,8
1651,8
1652,1
1653,8
1654,2
1655,8
1656,2
1657,5
1658,1
1659,6
1660,6
1661,2
1662,2
1663,5
1664,3
1665,7
1666,7
1667,1
1668,1
1669,5
1670,4
1671,5
1672,1
1673,1
1674,6
1675,1
1676,5
1677,4
1678,3
1679,6
1680,4
1681,8
1682,1
1683,8
1684,6
1685,4
1686,6
1687,6
1688,2
1689,4
1690,1
1691,5
1692,2
1693,7
1694,9
1695,1
1696,3
1697,2
1698,5
1699,7
1700,4
1701,8
1702,4
1703,2
1704,4
1705,1
1706,4
1707,6
1708,1
1709,4
1710,8
1711,8
1712,1
1713,9
1714,6
1715,1
1716,1
1717,7
1718,4
1719,9
1720,2
1721,2
1722,1
1723,6
1724,1
1725,1
1726,4
1727,5
1728,7
1729,5
1730,7
1731,8
1732,2
1733,6
1734,3
1735,7
1736,1
1737,8
1738,6
1739,1
1740,7
1741,4
1742,2
1743,2
1744,2
1745,2
1746,1
1747,5
1748,8
1749,4
1750,4
1751,10
1752,4
1753,9
1754,6
1755,2
1756,8
1757,9
1758,1
1759,8
1760,4
1761,8
1762,1
1763,4
1764,8
1765,2
1766,3
1767,8
1768,3
1769,1
1770,4
1771,2
1772,6
1773,2
1774,4
1775,9
1776,8
1777,1
1778,10
1779,6
1780,4
1781,6
1782,1
1783,2
1784,6
1785,8
1786,10
1787,9
1788,1
1789,8
1790,4
1791,1
1792,9
1793,3
1794,1
1795,9
1796,1
1797,1
1798,4
1799,6
1800,1
1801,1
1802,8
1803,5
1804,1
1805,1
1806,1
1807,4
1808,6
1809,4
1810,2
1811,1
1812,4
1813,4
1814,7
1815,4
1816,1
1817,1
1818,7
1819,3
1820,9
1821,1
1822,5
1823,1
1824,4
1825,4
1826,3
1827,2
1828,1
1829,4
1830,9
1831,5
1832,5
1833,10
1834,6
1835,2
1836,1
1837,6
1838,2
1839,8
1840,1
1841,1
1842,1
1843,8
1844,6
1845,1
1846,2
1847,1
1848,1
1849,1
1850,4
1851,1
1852,2
1853,1
1854,5
1855,9
1856,1
1857,5
1858,9
1859,2
1860,2
1861,2
1862,1
1863,3
1864,1
1865,10
1866,1
1867,5
1868,1
1869,10
1870,4
1871,1
1872,6
1873,1
1874,9
1875,9
1876,1
1877,6
1878,2
1879,1
1880,4
1881,1
1882,4
1883,3
1884,2
1885,4
1886,2
1887,1
1888,5
1889,2
1890,4
1891,1
1892,6
1893,4
1894,5
1895,6
1896,4
1897,1
1898,1
1899,5
1900,1
1901,8
1902,6
1903,4
1904,10
1905,2
1906,6
1907,2
1908,4
1909,1
1910,8
1911,5
1912,4
1913,1
1914,2
1915,2
1916,2
1917,4
1918,1
1919,8
1920,8
1921,1
1922,2
1923,1
1924,4
1925,10
1926,2
1927,3
1928,10
1929,5
1930,4
1931,9
1932,4
1933,2
1934,9
1935,1
1936,7
1937,3
1938,6
1939,8
1940,1
1941,8
1942,5
1943,4
1944,4
1945,1
1946,9
1947,4
1948,10
1949,9
1950,8
1951,5
1952,3
1953,2
1954,4
1955,8
1956,1
1957,6
1958,1
1959,1
1960,1
1961,4
1962,3
1963,5
1964,1
1965,8
1966,6
1967,9
1968,10
1969,4
1970,4
1971,1
1972,4
1973,1
1974,4
1975,5
1976,1
1977,5
1978,6
1979,6
1980,1
1981,8
1982,10
1983,1
1984,8
1985,2
1986,6
1987,4
1988,5
1989,1
1990,1
1991,4
1992,5
1993,1
1994,5
1995,3
1996,1
1997,10
1998,5
1999,4
2000,2
2001,4
2002,4
2003,9
2004,1
2005,6
2006,4
2007,10
2008,1
2009,5
2010,4
2011,7
2012,10
2013,2
2014,2
2015,6
2016,3
2017,1
2018,9
2019,3
2020,5
2021,1
2022,4
2023,2
2024,7
2025,2
2026,6
2027,6
2028,1
2029,6
2030,1
2031,8
2032,8
2033,1
2034,4
2035,1
2036,6
2037,7
2038,2
2039,7
2040,1
2041,10
2042,5
2043,1
2044,5
2045,2
2046,4
2047,6
2048,10
2049,2
2050,9
2051,6
2052,7
2053,6
2054,1
2055,1
2056,2
2057,4
2058,2
2059,5
2060,6
2061,1
2062,8
2063,1
2064,2
2065,2
2066,4
2067,2
2068,5
2069,8
2070,7
2071,5
2072,6
2073,4
2074,2
2075,7
2076,1
2077,5
2078,9
2079,6
2080,6
2081,5
2082,2
2083,4
2084,5
2085,6
2086,5
2087,8
2088,1
2089,2
2090,8
2091,4
2092,2
2093,5
2094,4
2095,1
2096,6
2097,1
2098,2
2099,4
2100,2
2101,4
2102,5
2103,4
2104,4
2105,2
2106,5
2107,2
2108,8
2109,2
2110,6
2111,1
2112,8
2113,1
2114,1
2115,9
2116,2
2117,1
2118,4
2119,6
2120,2
2121,1
2122,2
2123,10
2124,2
2125,4
2126,2
2127,5
2128,5
2129,4
2130,1
2131,1
2132,1
2133,2
2134,1
2135,8
2136,8
2137,4
2138,9
2139,1
2140,1
2141,2
2142,5
2143,6
2144,4
2145,1
2146,2
2147,2
2148,9
2149,2
2150,1
2151,2
2152,1
2153,4
2154,6
2155,5
2156,6
2157,4
2158,2
2159,2
2160,1
2161,6
2162,2
2163,4
2164,7
2165,5
2166,5
2167,4
2168,2
2169,1
2170,7
2171,1
2172,1
2173,10
2174,7
2175,1
2176,1
2177,1
2178,8
2179,3
2180,5
2181,10
2182,2
2183,1
2184,6
2185,10
2186,2
2187,1
2188,3
2189,1
2190,8
2191,2
2192,8
2193,4
2194,2
2195,4
2196,1
2197,5
2198,8
2199,9
2200,2
2201,4
2202,1
2203,10
2204,4
2205,6
2206,2
2207,6
2208,1
2209,1
2210,8
2211,2
2212,1
2213,1
2214,9
2215,8
2216,3
2217,6
2218,10
2219,4
2220,9
2221,3
2222,6
2223,8
2224,6
2225,6
2226,8
2227,1
2228,2
2229,1
2230,4
2231,8
2232,1
2233,4
2234,1
2235,1
2236,4
2237,1
2238,8
2239,2
2240,1
2241,1
2242,6
2243,1
2244,5
2245,6
2246,1
2247,9
2248,6
2249,1
2250,9
2251,1
2252,4
2253,3
2254,2
2255,4
2256,1
2257,2
2258,6
2259,8
2260,1
2261,1
2262,2
2263,1
2264,1
2265,2
2266,1
2267,1
2268,8
2269,1
2270,8
2271,7
2272,1
2273,1
2274,1
2275,3
2276,10
2277,4
2278,3
2279,5
2280,2
2281,2
2282,2
2283,1
2284,5
2285,5
2286,1
2287,8
2288,9
2289,4
2290,6
2291,10
2292,9
2293,1
2294,2
2295,2
2296,5
2297,9
2298,3
2299,8
2300,10
2301,3
2302,4
2303,6
2304,1
2305,5
2306,1
2307,1
2308,2
2309,3
2310,10
2311,1
2312,1
2313,1
2314,4
2315,4
2316,1
2317,2
2318,3
2319,1
2320,9
2321,8
2322,2
2323,1
2324,6
2325,2
2326,2
2327,1
2328,10
2329,2
2330,1
2331,8
2332,6
2333,3
2334,8
2335,6
2336,1
2337,10
2338,1
2339,5
2340,2
2341,5
2342,8
2343,5
2344,2
2345,1
2346,1
2347,5
2348,6
2349,1
2350,5
2351,6
2352,3
2353,4
2354,1
2355,6
2356,8
2357,1
2358,8
2359,4
2360,6
2361,8
2362,9
2363,1
2364,1
2365,1
2366,9
2367,1
2368,8
2369,6
2370,5
2371,4
2372,9
2373,5
2374,1
2375,4
2376,2
2377,1
2378,8
2379,6
2380,8
2381,4
2382,1
2383,9
2384,5
2385,4
2386,3
2387,6
2388,1
2389,4
2390,4
2391,9
2392,1
2393,4
2394,10
2395,1
2396,1
2397,1
2398,8
2399,3
2400,10
2401,1
2402,4
2403,1
2404,7
2405,2
2406,6
2407,8
2408,1
2409,1
2410,1
2411,1
2412,1
2413,5
2414,7
2415,2
2416,4
2417,2
2418,3
2419,2
2420,2
2421,6
2422,1
2423,4
2424,1
2425,8
2426,6
2427,5
2428,4
2429,3
2430,10
2431,5
2432,2
2433,5
2434,3
2435,1
2436,5
2437,1
2438,1
2439,1
2440,4
2441,8
2442,2
2443,6
2444,5
2445,6
2446,5
2447,2
2448,2
2449,2
2450,1
2451,9
2452,8
2453,7
2454,8
2455,8
2456,5
2457,2
2458,7
2459,8
2460,4
2461,1
2462,8
2463,2
2464,4
2465,4
2466,8
2467,3
2468,4
2469,1
2470,4
2471,1
2472,5
2473,1
2474,6
2475,4
2476,1
2477,5
2478,6
2479,7
2480,5
2481,5
2482,3
2483,1
2484,7
2485,2
2486,2
2487,10
2488,2
2489,9
2490,4
2491,1
2492,1
2493,8
2494,7
2495,8
2496,4
2497,6
2498,4
2499,1
2500,6
2501,10
2502,4
2503,8
2504,4
2505,2
2506,4
2507,1
2508,2
2509,5
2510,1
2511,6
2512,2
2513,5
2514,2
2515,2
2516,6
2517,1
2518,4
2519,4
2520,1
2521,8
2522,10
2523,8
2524,9
2525,8
2526,6
2527,10
2528,2
2529,2
2530,8
2531,1
2532,8
2533,6
2534,5
2535,3
2536,2
2537,8
2538,9
2539,1
2540,6
2541,6
2542,8
2543,1
2544,3
2545,2
2546,2
2547,2
2548,5
2549,2
2550,2
2551,4
2552,1
2553,1
2554,2
2555,2
2556,6
2557,1
2558,4
2559,5
2560,1
2561,1
2562,6
2563,1
2564,5
2565,10
2566,4
2567,1
2568,10
2569,2
2570,1
2571,2
2572,6
2573,9
2574,2
2575,4
2576,5
2577,8
2578,5
2579,1
2580,1
2581,6
2582,5
2583,1
2584,1
2585,6
2586,1
2587,4
2588,10
2589,2
2590,9
2591,8
2592,2
2593,8
2594,5
2595,6
2596,4
2597,7
2598,1
2599,1
2600,6
2601,8
2602,8
2603,1
2604,1
2605,1
2606,5
2607,1
2608,2
2609,4
2610,4
2611,2
2612,1
2613,4
2614,2
2615,8
2616,1
2617,4
2618,1
2619,10
2620,1
2621,8
2622,10
2623,2
2624,2
2625,7
2626,8
2627,5
2628,2
2629,10
2630,9
2631,9
2632,4
2633,2
2634,3
2635,5
2636,1
2637,4
2638,2
2639,6
2640,2
2641,8
2642,1
2643,1
2644,1
2645,1
2646,10
2647,5
2648,1
2649,8
2650,2
2651,1
2652,1
2653,1
2654,10
2655,4
2656,8
2657,6
2658,5
2659,1
2660,4
2661,6
2662,5
2663,1
2664,8
2665,4
2666,10
2667,1
2668,9
2669,2
2670,6
2671,4
2672,8
2673,2
2674,5
2675,1
2676,10
2677,5
2678,2
2679,8
2680,5
2681,4
2682,1
2683,4
2684,4
2685,1
2686,8
2687,6
2688,4
2689,10
2690,1
2691,1
2692,9
2693,6
2694,4
2695,1
2696,3
2697,2
2698,4
2699,7
2700,6
2701,2
2702,4
2703,1
2704,5
2705,8
2706,1
2707,1
2708,2
2709,3
2710,5
2711,2
2712,5
2713,1
2714,1
2715,9
2716,1
2717,2
2718,3
2719,5
2720,1
2721,1
2722,4
2723,1
2724,2
2725,2
2726,6
2727,5
2728,4
2729,1
2730,1
2731,1
2732,6
2733,10
2734,6
2735,6
2736,7
2737,5
2738,1
2739,8
2740,2
2741,4
2742,9
2743,1
2744,1
2745,6
2746,5
2747,1
2748,2
2749,2
2750,2
2751,1
2752,1
2753,2
2754,8
2755,5
2756,9
2757,9
2758,2
2759,5
2760,2
2761,4
2762,10
2763,1
2764,5
2765,8
2766,5
2767,5
2768,2
2769,6
2770,2
2771,5
2772,8
2773,1
2774,1
2775,1
2776,8
2777,4
2778,2
2779,4
2780,2
2781,1
2782,2
2783,2
2784,2
2785,10
2786,8
2787,5
2788,5
2789,9
2790,5
2791,5
2792,3
2793,7
2794,5
2795,8
2796,4
2797,9
2798,5
2799,1
2800,3
2801,4
2802,10
2803,5
2804,8
2805,4
2806,2
2807,8
2808,5
2809,5
2810,1
2811,4
2812,4
2813,6
2814,6
2815,5
2816,2
2817,10
2818,1
2819,4
2820,2
2821,1
2822,1
2823,2
2824,4
2825,1
2826,10
2827,1
2828,9
2829,8
2830,1
2831,2
2832,5
2833,2
2834,4
2835,5
2836,2
2837,2
2838,1
2839,6
2840,5
2841,5
2842,8
2843,8
2844,4
2845,4
2846,1
2847,8
2848,6
2849,4
2850,6
2851,2
2852,1
2853,8
2854,5
2855,5
2856,6
2857,1
2858,2
2859,1
2860,8
2861,1
2862,2
2863,1
2864,9
2865,8
2866,6
2867,4
2868,2
2869,6
2870,6
2871,1
2872,2
2873,1
2874,3
2875,4
2876,2
2877,7
2878,1
2879,2
2880,4
2881,1
2882,1
2883,2
2884,6
2885,2
2886,1
2887,5
2888,8
2889,4
2890,1
2891,4
2892,2
2893,1
2894,1
2895,5
2896,1
2897,4
2898,10
2899,2
2900,7
2901,4
2902,1
2903,1
2904,10
2905,1
2906,2
2907,4
2908,6
2909,3
2910,2
2911,2
2912,1
2913,3
2914,7
2915,2
2916,8
2917,2
2918,4
2919,4
2920,2
2921,1
2922,4
2923,1
2924,5
2925,6
2926,2
2927,1
2928,1
2929,4
2930,10
2931,4
2932,8
2933,4
2934,1
2935,6
2936,1
2937,1
2938,1
2939,3
2940,4
2941,2
2942,10
2943,8
2944,6
2945,2
2946,1
2947,4
2948,6
2949,4
2950,1
2951,7
2952,1
2953,1
2954,8
2955,8
2956,1
2957,1
2958,1
2959,2
2960,4
2961,4
2962,5
2963,9
2964,2
2965,9
2966,7
2967,4
2968,6
2969,3
2970,1
2971,5
2972,3
2973,5
2974,10
2975,6
2976,1
2977,4
2978,2
2979,3
2980,2
2981,2
2982,2
2983,2
2984,7
2985,10
2986,2
2987,2
2988,1
2989,4
2990,6
2991,8
2992,1
2993,9
2994,2
2995,4
2996,2
2997,8
2998,6
2999,8
3000,1
3001,4
3002,2
3003,4
3004,1
3005,7
3006,5
3007,2
3008,2
3009,1
3010,6
3011,4
3012,5
3013,4
3014,7
3015,1
3016,10
3017,5
3018,1
3019,8
3020,6
3021,6
3022,10
3023,2
3024,4
3025,2
3026,4
3027,6
3028,6
3029,5
3030,2
3031,1
3032,8
3033,2
3034,4
3035,2
3036,1
3037,2
3038,2
3039,4
3040,7
3041,6
3042,1
3043,4
3044,2
3045,1
3046,5
3047,2
3048,1
3049,2
3050,8
3051,6
3052,8
3053,3
3054,1
3055,8
3056,2
3057,4
3058,2
3059,10
3060,1
3061,4
3062,5
3063,6
3064,1
3065,2
3066,2
3067,2
3068,2
3069,8
3070,4
3071,10
3072,5
3073,4
3074,5
3075,4
3076,10
3077,4
3078,6
3079,2
3080,7
3081,1
3082,6
3083,3
3084,9
3085,3
3086,4
3087,2
3088,5
3089,1
3090,3
3091,8
3092,8
3093,2
3094,5
3095,1
3096,2
3097,2
3098,3
3099,4
3100,1
3101,2
3102,4
3103,1
3104,4
3105,5
3106,2
3107,1
3108,5
3109,4
3110,10
3111,1
3112,6
3113,1
3114,4
3115,8
3116,7
3117,3
3118,4
3119,1
3120,9
3121,8
3122,1
3123,1
3124,1
3125,2
3126,1
3127,5
3128,5
3129,5
3130,6
3131,3
3132,1
3133,6
3134,10
3135,1
3136,1
3137,5
3138,1
3139,6
3140,9
3141,5
3142,4
3143,1
3144,8
3145,4
3146,1
3147,1
3148,3
3149,6
3150,8
3151,1
3152,2
3153,5
3154,8
3155,10
3156,2
3157,1
3158,5
3159,5
3160,4
3161,8
3162,4
3163,1
3164,8
3165,7
3166,1
3167,2
3168,6
3169,5
3170,2
3171,4
3172,1
3173,4
3174,2
3175,10
3176,1
3177,2
3178,8
3179,7
3180,1
3181,8
3182,1
3183,10
3184,4
3185,5
3186,9
3187,4
3188,4
3189,6
3190,1
3191,6
3192,1
3193,8
3194,6
3195,2
3196,4
3197,6
3198,1
3199,1
3200,1
3201,6
3202,1
3203,4
3204,5
3205,7
3206,6
3207,4
3208,5
3209,2
3210,2
3211,9
3212,5
3213,2
3214,4
3215,1
3216,1
3217,3
3218,4
3219,1
3220,8
3221,1
3222,1
3223,2
3224,3
3225,10
3226,1
3227,1
3228,10
3229,2
3230,9
3231,6
3232,7
3233,4
3234,1
3235,1
3236,6
3237,5
3238,5
3239,4
3240,4
3241,1
3242,6
3243,4
3244,5
3245,9
3246,5
3247,1
3248,5
3249,2
3250,9
3251,2
3252,5
3253,2
3254,4
3255,5
3256,7
3257,1
3258,2
3259,4
3260,8
3261,2
3262,9
3263,1
3264,4
3265,2
3266,1
3267,4
3268,2
3269,8
3270,1
3271,5
3272,5
3273,8
3274,4
3275,4
3276,10
3277,2
3278,2
3279,4
3280,4
3281,2
3282,1
3283,1
3284,4
3285,5
3286,6
3287,6
3288,2
3289,1
3290,2
3291,8
3292,1
3293,2
3294,3
3295,5
3296,2
3297,2
3298,7
3299,7
3300,10
3301,1
3302,1
3303,5
3304,2
3305,9
3306,6
3307,8
3308,6
3309,2
3310,8
3311,8
3312,1
3313,4
3314,6
3315,2
3316,10
3317,1
3318,7
3319,2
3320,8
3321,8
3322,5
3323,1
3324,8
3325,3
3326,2
3327,1
3328,10
3329,2
3330,8
3331,8
3332,3
3333,1
3334,10
3335,4
3336,1
3337,2
3338,2
3339,5
3340,1
3341,1
3342,1
3343,5
3344,5
3345,6
3346,9
3347,5
3348,2
3349,2
3350,1
3351,1
3352,9
3353,1
3354,8
3355,1
3356,9
3357,6
3358,7
3359,2
3360,8
3361,8
3362,9
3363,4
3364,1
3365,10
3366,4
3367,8
3368,9
3369,4
3370,2
3371,5
3372,2
3373,6
3374,2
3375,5
3376,6
3377,1
3378,8
3379,9
3380,10
3381,1
3382,2
3383,10
3384,1
3385,2
3386,10
3387,1
3388,1
3389,6
3390,5
3391,1
3392,6
3393,1
3394,9
3395,4
3396,8
3397,2
3398,1
3399,6
3400,4
3401,6
3402,2
3403,2
3404,8
3405,1
3406,8
3407,5
3408,1
3409,6
3410,7
3411,4
3412,6
3413,1
3414,2
3415,1
3416,3
3417,2
3418,5
3419,2
3420,8
3421,5
3422,7
3423,1
3424,1
3425,9
3426,1
3427,7
3428,10
3429,9
3430,8
3431,6
3432,4
3433,2
3434,6
3435,1
3436,5
3437,6
3438,1
3439,5
3440,4
3441,6
3442,9
3443,10
3444,1
3445,3
3446,1
3447,2
3448,1
3449,5
3450,8
3451,1
3452,2
3453,6
3454,6
3455,5
3456,1
3457,5
3458,1
3459,7
3460,2
3461,9
3462,2
3463,2
3464,5
3465,4
3466,1
3467,6
3468,4
3469,4
3470,1
3471,1
3472,5
3473,1
3474,5
3475,2
3476,3
3477,8
3478,4
3479,3
3480,2
3481,2
3482,4
3483,8
3484,6
3485,3
3486,1
3487,1
3488,2
3489,2
3490,6
3491,2
3492,4
3493,4
3494,2
3495,5
3496,1
3497,10
3498,6
3499,6
3500,4
3501,5
3502,5
3503,4
3504,4
3505,1
3506,4
3507,2
3508,8
3509,1
3510,2
3511,10
3512,7
3513,3
3514,5
3515,1
3516,9
3517,2
3518,5
3519,2
3520,5
3521,5
3522,2
3523,1
3524,1
3525,8
3526,10
3527,2
3528,2
3529,2
3530,4
3531,5
3532,10
3533,8
3534,4
3535,10
3536,2
3537,1
3538,7
3539,4
3540,4
3541,1
3542,6
3543,6
3544,1
3545,1
3546,4
3547,1
3548,1
3549,2
3550,1
3551,4
3552,2
3553,9
3554,7
3555,1
3556,1
3557,4
3558,1
3559,8
3560,6
3561,5
3562,6
3563,8
3564,6
3565,6
3566,1
3567,4
3568,4
3569,2
3570,4
3571,8
3572,9
3573,4
3574,2
3575,2
3576,10
3577,6
3578,4
3579,1
3580,10
3581,6
3582,2
3583,4
3584,4
3585,2
3586,5
3587,2
3588,9
3589,9
3590,8
3591,1
3592,2
3593,1
3594,2
3595,2
3596,2
3597,3
3598,2
3599,5
3600,8
3601,3
3602,6
3603,10
3604,4
3605,2
3606,2
3607,5
3608,2
3609,2
3610,10
3611,4
3612,8
3613,5
3614,4
3615,10
3616,8
3617,1
3618,5
3619,6
3620,10
3621,6
3622,1
3623,6
3624,4
3625,1
3626,4
3627,1
3628,4
3629,6
3630,5
3631,7
3632,9
3633,10
3634,1
3635,5
3636,1
3637,2
3638,8
3639,4
3640,2
3641,1
3642,2
3643,4
3644,5
3645,4
3646,3
3647,1
3648,1
3649,1
3650,6
3651,1
3652,8
3653,1
3654,2
3655,4
3656,3
3657,1
3658,2
3659,3
3660,2
3661,2
3662,7
3663,6
3664,4
3665,3
3666,8
3667,8
3668,2
3669,5
3670,2
3671,7
3672,1
3673,2
3674,3
3675,1
3676,5
3677,2
3678,6
3679,2
3680,5
3681,4
3682,9
3683,2
3684,8
3685,2
3686,6
3687,1
3688,2
3689,1
3690,4
3691,9
3692,2
3693,3
3694,1
3695,7
3696,3
3697,6
3698,1
3699,8
3700,1
3701,10
3702,8
3703,2
3704,8
3705,6
3706,5
3707,6
3708,5
3709,8
3710,9
3711,1
3712,3
3713,2
3714,8
3715,5
3716,1
3717,5
3718,5
3719,1
3720,8
3721,1
3722,9
3723,1
3724,4
3725,8
3726,4
3727,4
3728,4
3729,8
3730,1
3731,1
3732,2
3733,8
3734,1
3735,7
3736,1
3737,4
3738,8
3739,1
3740,5
3741,8
3742,1
3743,2
3744,1
3745,10
3746,10
3747,8
3748,2
3749,1
3750,4
3751,1
3752,2
3753,2
3754,2
3755,1
3756,2
3757,1
3758,5
3759,5
3760,4
3761,2
3762,1
3763,6
3764,7
3765,2
3766,3
3767,8
3768,7
3769,1
3770,1
3771,1
3772,8
3773,4
3774,3
3775,4
3776,1
3777,1
3778,8
3779,4
3780,4
3781,8
3782,1
3783,8
3784,4
3785,8
3786,8
3787,1
3788,2
3789,5
3790,1
3791,6
3792,1
3793,1
3794,4
3795,4
3796,8
3797,7
3798,10
3799,6
3800,9
3801,1
3802,5
3803,1
3804,4
3805,1
3806,1
3807,3
3808,8
3809,6
3810,1
3811,1
3812,2
3813,10
3814,7
3815,4
3816,9
3817,1
3818,2
3819,1
3820,2
3821,7
3822,8
3823,1
3824,7
3825,1
3826,6
3827,1
3828,6
3829,1
3830,4
3831,2
3832,1
3833,2
3834,5
3835,1
3836,8
3837,1
3838,9
3839,10
3840,6
3841,2
3842,4
3843,1
3844,5
3845,4
3846,4
3847,4
3848,5
3849,1
3850,2
3851,1
3852,1
3853,6
3854,4
3855,9
3856,1
3857,2
3858,1
3859,1
3860,1
3861,5
3862,1
3863,5
3864,5
3865,4
3866,1
3867,5
3868,2
3869,7
3870,2
3871,6
3872,2
3873,10
3874,2
3875,1
3876,6
3877,8
3878,8
3879,2
3880,1
3881,6
3882,1
3883,1
3884,9
3885,10
3886,1
3887,1
3888,2
3889,9
3890,1
3891,1
3892,1
3893,3
3894,2
3895,1
3896,4
3897,4
3898,1
3899,1
3900,2
3901,4
3902,8
3903,8
3904,9
3905,6
3906,6
3907,1
3908,2
3909,9
3910,1
3911,6
3912,5
3913,1
3914,6
3915,2
3916,4
3917,6
3918,2
3919,2
3920,9
3921,10
3922,6
3923,4
3924,1
3925,2
3926,6
3927,2
3928,1
3929,2
3930,5
3931,4
3932,4
3933,2
3934,3
3935,4
3936,4
3937,10
3938,4
3939,6
3940,5
3941,1
3942,9
3943,1
3944,1
3945,6
3946,5
3947,6
3948,8
3949,1
3950,2
3951,4
3952,5
3953,3
3954,2
3955,1
3956,1
3957,5
3958,5
3959,4
3960,8
3961,9
3962,2
3963,5
3964,1
3965,8
3966,8
3967,5
3968,2
3969,1
3970,1
3971,5
3972,8
3973,8
3974,1
3975,1
3976,1
3977,1
3978,1
3979,10
3980,4
3981,1
3982,9
3983,5
3984,9
3985,10
3986,1
3987,4
3988,1
3989,8
3990,1
3991,4
3992,6
3993,3
3994,1
3995,3
3996,5
3997,1
3998,7
3999,5
4000,5
4001,1
4002,1
4003,1
4004,8
4005,6
4006,1
4007,5
4008,4
4009,6
4010,1
4011,7
4012,4
4013,1
4014,4
4015,8
4016,2
4017,1
4018,8
4019,4
4020,8
4021,4
4022,8
4023,4
4024,10
4025,1
4026,1
4027,4
4028,1
4029,5
4030,4
4031,4
4032,1
4033,10
4034,1
4035,1
4036,1
4037,5
4038,7
4039,2
4040,8
4041,6
4042,1
4043,6
4044,4
4045,4
4046,6
4047,6
4048,1
4049,3
4050,1
4051,1
4052,1
4053,1
4054,1
4055,2
4056,8
4057,6
4058,8
4059,9
4060,2
4061,6
4062,5
4063,2
4064,8
4065,1
4066,2
4067,8
4068,6
4069,1
4070,8
4071,5
4072,3
4073,5
4074,1
4075,10
4076,7
4077,5
4078,9
4079,3
4080,6
4081,5
4082,4
4083,1
4084,8
4085,5
4086,4
4087,10
4088,6
4089,1
4090,3
4091,10
4092,8
4093,1
4094,4
4095,6
4096,4
4097,4
4098,9
4099,2
4100,10
4101,1
4102,4
4103,2
4104,9
4105,8
4106,4
4107,1
4108,4
4109,6
4110,2
4111,1
4112,4
4113,4
4114,2
4115,2
4116,4
4117,5
4118,8
4119,2
4120,9
4121,6
4122,1
4123,4
4124,8
4125,6
4126,6
4127,5
4128,1
4129,9
4130,6
4131,2
4132,1
4133,6
4134,9
4135,3
4136,8
4137,7
4138,8
4139,8
4140,6
4141,7
4142,8
4143,6
4144,6
4145,5
4146,3
4147,1
4148,2
4149,4
4150,6
4151,2
4152,10
4153,1
4154,1
4155,8
4156,2
4157,6
4158,2
4159,4
4160,1
4161,2
4162,6
4163,6
4164,1
4165,6
4166,6
4167,10
4168,5
4169,2
4170,1
4171,2
4172,4
4173,1
4174,5
4175,1
4176,2
4177,4
4178,1
4179,2
4180,1
4181,3
4182,8
4183,6
4184,5
4185,6
4186,4
4187,1
4188,1
4189,2
4190,6
4191,6
4192,4
4193,2
4194,1
4195,7
4196,1
4197,4
4198,7
4199,1
4200,10
4201,6
4202,8
4203,6
4204,2
4205,5
4206,1
4207,4
4208,4
4209,1
4210,8
4211,3
4212,2
4213,6
4214,2
4215,2
4216,1
4217,2
4218,1
4219,10
4220,2
4221,8
4222,10
4223,8
4224,3
4225,9
4226,8
4227,6
4228,1
4229,8
4230,1
4231,5
4232,2
4233,5
4234,8
4235,3
4236,8
4237,2
4238,5
4239,1
4240,4
4241,8
4242,1
4243,2
4244,1
4245,1
4246,3
4247,6
4248,1
4249,2
4250,4
4251,4
4252,2
4253,8
4254,10
4255,2
4256,5
4257,8
4258,3
4259,4
4260,1
4261,7
4262,8
4263,2
4264,2
4265,6
4266,1
4267,5
4268,2
4269,1
4270,4
4271,1
4272,6
4273,1
4274,9
4275,2
4276,6
4277,1
4278,4
4279,1
4280,4
4281,6
4282,8
4283,4
4284,10
4285,10
4286,2
4287,8
4288,2
4289,1
4290,1
4291,1
4292,1
4293,4
4294,1
4295,3
4296,5
4297,2
4298,10
4299,3
4300,1
4301,4
4302,10
4303,8
4304,10
4305,10
4306,4
4307,6
4308,6
4309,4
4310,2
4311,1
4312,10
4313,1
4314,1
4315,2
4316,10
4317,8
4318,2
4319,10
4320,1
4321,1
4322,5
4323,2
4324,8
4325,7
4326,5
4327,2
4328,2
4329,1
4330,6
4331,3
4332,9
4333,8
4334,1
4335,6
4336,5
4337,2
4338,6
4339,4
4340,2
4341,10
4342,2
4343,5
4344,8
4345,4
4346,1
4347,6
4348,2
4349,9
4350,5
4351,1
4352,8
4353,6
4354,2
4355,2
4356,2
4357,1
4358,1
4359,2
4360,8
4361,6
4362,1
4363,5
4364,6
4365,5
4366,9
4367,7
4368,3
4369,9
4370,8
4371,10
4372,4
4373,3
4374,6
4375,2
4376,6
4377,2
4378,2
4379,1
4380,7
4381,6
4382,1
4383,4
4384,1
4385,1
4386,8
4387,10
4388,2
4389,1
4390,1
4391,6
4392,1
4393,6
4394,5
4395,1
4396,1
4397,4
4398,1
4399,1
4400,2
4401,7
4402,2
4403,1
4404,5
4405,4
4406,6
4407,10
4408,1
4409,1
4410,1
4411,7
4412,5
4413,1
4414,4
4415,5
4416,8
4417,6
4418,1
4419,1
4420,5
4421,6
4422,8
4423,3
4424,8
4425,1
4426,1
4427,2
4428,2
4429,6
4430,6
4431,2
4432,6
4433,1
4434,1
4435,6
4436,5
4437,2
4438,8
4439,4
4440,1
4441,4
4442,4
4443,10
4444,1
4445,10
4446,1
4447,10
4448,5
4449,1
4450,1
4451,4
4452,8
4453,4
4454,4
4455,1
4456,2
4457,2
4458,4
4459,6
4460,1
4461,10
4462,7
4463,9
4464,2
4465,6
4466,6
4467,4
4468,4
4469,4
4470,2
4471,4
4472,1
4473,2
4474,2
4475,7
4476,1
4477,2
4478,6
4479,8
4480,5
4481,4
4482,8
4483,3
4484,9
4485,5
4486,9
4487,8
4488,1
4489,4
4490,4
4491,1
4492,7
4493,1
4494,8
4495,4
4496,10
4497,1
4498,5
4499,1
4500,4
4501,4
4502,5
4503,6
4504,7
4505,1
4506,2
4507,2
4508,6
4509,1
4510,8
4511,2
4512,5
4513,7
4514,4
4515,7
4516,2
4517,1
4518,9
4519,1
4520,5
4521,6
4522,4
4523,5
4524,4
4525,1
4526,6
4527,5
4528,7
4529,2
4530,2
4531,1
4532,2
4533,4
4534,4
4535,6
4536,8
4537,1
4538,5
4539,6
4540,3
4541,4
4542,2
4543,2
4544,5
4545,7
4546,1
4547,2
4548,9
4549,8
4550,10
4551,1
4552,2
4553,1
4554,8
4555,10
4556,2
4557,1
4558,8
4559,6
4560,1
4561,10
4562,5
4563,8
4564,8
4565,4
4566,1
4567,10
4568,1
4569,1
4570,2
4571,1
4572,1
4573,8
4574,1
4575,4
4576,6
4577,1
4578,1
4579,8
4580,5
4581,1
4582,2
4583,1
4584,1
4585,7
4586,5
4587,4
4588,2
4589,2
4590,4
4591,8
4592,1
4593,6
4594,2
4595,6
4596,4
4597,2
4598,10
4599,6
4600,3
4601,10
4602,6
4603,4
4604,6
4605,5
4606,2
4607,4
4608,10
4609,8
4610,4
4611,5
4612,8
4613,6
4614,1
4615,1
4616,1
4617,2
4618,6
4619,1
4620,2
4621,1
4622,3
4623,10
4624,9
4625,6
4626,7
4627,1
4628,4
4629,1
4630,1
4631,5
4632,9
4633,6
4634,4
4635,3
4636,8
4637,5
4638,2
4639,1
4640,9
4641,8
4642,4
4643,9
4644,6
4645,2
4646,1
4647,1
4648,3
4649,5
4650,8
4651,4
4652,1
4653,6
4654,1
4655,4
4656,8
4657,9
4658,2
4659,2
4660,4
4661,6
4662,2
4663,8
4664,6
4665,1
4666,1
4667,5
4668,1
4669,4
4670,4
4671,1
4672,1
4673,10
4674,8
4675,1
4676,2
4677,8
4678,4
4679,9
4680,4
4681,6
4682,4
4683,1
4684,8
4685,5
4686,2
4687,1
4688,4
4689,8
4690,4
4691,9
4692,9
4693,1
4694,3
4695,1
4696,2
4697,5
4698,3
4699,6
4700,6
4701,6
4702,1
4703,5
4704,4
4705,10
4706,4
4707,2
4708,2
4709,6
4710,4
4711,1
4712,4
4713,5
4714,1
4715,1
4716,8
4717,1
4718,4
4719,6
4720,2
4721,2
4722,1
4723,8
4724,2
4725,10
4726,6
4727,1
4728,2
4729,1
4730,6
4731,10
4732,1
4733,1
4734,1
4735,1
4736,8
4737,8
4738,5
4739,4
4740,4
4741,4
4742,7
4743,4
4744,6
4745,6
4746,8
4747,1
4748,5
4749,1
4750,1
4751,8
4752,6
4753,1
4754,2
4755,5
4756,1
4757,6
4758,4
4759,6
4760,8
4761,10
4762,7
4763,4
4764,7
4765,7
4766,1
4767,6
4768,1
4769,10
4770,4
4771,2
4772,8
4773,5
4774,4
4775,1
4776,4
4777,8
4778,1
4779,7
4780,6
4781,5
4782,8
4783,10
4784,7
4785,6
4786,1
4787,5
4788,3
4789,1
4790,5
4791,5
4792,6
4793,7
4794,4
4795,4
4796,5
4797,6
4798,4
4799,7
4800,10
4801,5
4802,10
4803,1
4804,5
4805,8
4806,4
4807,4
4808,8
4809,2
4810,1
4811,5
4812,10
4813,1
4814,1
4815,4
4816,1
4817,7
4818,5
4819,5
4820,1
4821,6
4822,9
4823,5
4824,5
4825,1
4826,5
4827,5
4828,1
4829,1
4830,8
4831,5
4832,8
4833,8
4834,1
4835,1
4836,4
4837,2
4838,6
4839,2
4840,1
4841,4
4842,6
4843,2
4844,7
4845,10
4846,2
4847,2
4848,1
4849,1
4850,4
4851,2
4852,8
4853,10
4854,10
4855,2
4856,6
4857,1
4858,4
4859,1
4860,1
4861,1
4862,2
4863,8
4864,1
4865,5
4866,5
4867,3
4868,2
4869,4
4870,5
4871,8
4872,9
4873,3
4874,4
4875,4
4876,4
4877,1
4878,4
4879,8
4880,2
4881,1
4882,2
4883,1
4884,1
4885,6
4886,2
4887,7
4888,4
4889,1
4890,3
4891,5
4892,5
4893,1
4894,4
4895,2
4896,4
4897,4
4898,7
4899,9
4900,8
4901,1
4902,7
4903,6
4904,4
4905,1
4906,5
4907,1
4908,1
4909,4
4910,8
4911,1
4912,1
4913,4
4914,4
4915,1
4916,7
4917,3
4918,1
4919,9
4920,1
4921,2
4922,4
4923,1
4924,2
4925,8
4926,1
4927,4
4928,2
4929,2
4930,2
4931,2
4932,2
4933,5
4934,5
4935,4
4936,4
4937,1
4938,5
4939,8
4940,1
4941,7
4942,7
4943,2
4944,1
4945,6
4946,7
4947,5
4948,2
4949,6
4950,1
4951,6
4952,1
4953,1
4954,2
4955,2
4956,4
4957,9
4958,1
4959,4
4960,8
4961,10
4962,2
4963,2
4964,4
4965,1
4966,1
4967,6
4968,8
4969,6
4970,4
4971,6
4972,1
4973,2
4974,4
4975,8
4976,2
4977,2
4978,1
4979,8
4980,1
4981,1
4982,8
4983,6
4984,5
4985,5
4986,5
4987,1
4988,4
4989,10
4990,5
4991,4
4992,2
4993,4
4994,1
4995,2
4996,4
4997,4
4998,4
4999,1
5000,3
5001,1
5002,5
5003,4
5004,2
5005,4
5006,6
5007,5
5008,4
5009,1
5010,10
5011,7
5012,5
5013,6
5014,1
5015,2
5016,2
5017,6
5018,4
5019,2
5020,5
5021,8
5022,1
5023,6
5024,2
5025,1
5026,8
5027,1
5028,4
5029,3
5030,5
5031,5
5032,6
5033,5
5034,4
5035,1
5036,1
5037,1
5038,2
5039,2
5040,5
5041,6
5042,4
5043,4
5044,1
5045,10
5046,1
5047,7
5048,1
5049,4
5050,1
5051,4
5052,2
5053,2
5054,1
5055,2
5056,5
5057,2
5058,8
5059,9
5060,1
5061,8
5062,5
5063,5
5064,4
5065,4
5066,4
5067,3
5068,2
5069,1
5070,5
5071,1
5072,7
5073,4
5074,2
5075,4
5076,8
5077,2
5078,2
5079,5
5080,2
5081,8
5082,10
5083,2
5084,1
5085,1
5086,2
5087,5
5088,2
5089,5
5090,7
5091,4
5092,2
5093,10
5094,2
5095,1
5096,4
5097,5
5098,5
5099,2
5100,2
5101,1
5102,1
5103,1
5104,8
5105,4
5106,10
5107,1
5108,4
5109,10
5110,2
5111,8
5112,6
5113,4
5114,6
5115,2
5116,4
5117,4
5118,2
5119,3
5120,4
5121,10
5122,2
5123,6
5124,1
5125,4
5126,8
5127,10
5128,2
5129,2
5130,4
5131,8
5132,1
5133,3
5134,1
5135,4
5136,8
5137,2
5138,8
5139,5
5140,6
5141,5
5142,5
5143,6
5144,6
5145,3
5146,6
5147,4
5148,9
5149,3
5150,2
5151,10
5152,4
5153,2
5154,4
5155,3
5156,1
5157,9
5158,1
5159,8
5160,5
5161,7
5162,2
5163,7
5164,8
5165,10
5166,1
5167,1
5168,3
5169,9
5170,6
5171,1
5172,5
5173,1
5174,2
5175,6
5176,9
5177,6
5178,4
5179,8
5180,8
5181,8
5182,2
5183,8
5184,9
5185,3
5186,8
5187,2
5188,4
5189,8
5190,8
5191,6
5192,10
5193,9
5194,8
5195,8
5196,3
5197,5
5198,6
5199,4
5200,1
5201,1
5202,4
5203,8
5204,4
5205,9
5206,2
5207,1
5208,4
5209,3
5210,5
5211,8
5212,10
5213,6
5214,4
5215,2
5216,5
5217,1
5218,1
5219,5
5220,8
5221,3
5222,5
5223,6
5224,8
5225,6
5226,5
5227,1
5228,6
5229,2
5230,5
5231,1
5232,7
5233,2
5234,6
5235,2
5236,3
5237,1
5238,3
5239,5
5240,1
5241,4
5242,1
5243,5
5244,2
5245,4
5246,1
5247,5
5248,6
5249,4
5250,7
5251,2
5252,1
5253,1
5254,10
5255,1
5256,1
5257,2
5258,5
5259,4
5260,4
5261,1
5262,9
5263,4
5264,7
5265,7
5266,3
5267,6
5268,1
5269,2
5270,2
5271,1
5272,8
5273,6
5274,2
5275,2
5276,2
5277,2
5278,9
5279,8
5280,9
5281,6
5282,5
5283,10
5284,10
5285,6
5286,4
5287,9
5288,9
5289,2
5290,9
5291,4
5292,2
5293,1
5294,8
5295,7
5296,4
5297,1
5298,4
5299,1
5300,5
5301,8
5302,10
5303,2
5304,9
5305,4
5306,5
5307,7
5308,9
5309,5
5310,6
5311,4
5312,2
5313,5
5314,8
5315,8
5316,1
5317,8
5318,8
5319,2
5320,8
5321,7
5322,1
5323,4
5324,1
5325,4
5326,5
5327,1
5328,10
5329,1
5330,10
5331,4
5332,1
5333,5
5334,2
5335,1
5336,8
5337,9
5338,5
5339,1
5340,1
5341,9
5342,6
5343,9
5344,5
5345,8
5346,1
5347,5
5348,5
5349,6
5350,5
5351,4
5352,6
5353,7
5354,2
5355,1
5356,1
5357,2
5358,6
5359,6
5360,8
5361,3
5362,2
5363,6
5364,1
5365,1
5366,10
5367,1
5368,6
5369,4
5370,10
5371,2
5372,8
5373,2
5374,1
5375,4
5376,6
5377,8
5378,2
5379,4
5380,2
5381,1
5382,7
5383,9
5384,5
5385,10
5386,2
5387,4
5388,9
5389,1
5390,5
5391,3
5392,2
5393,2
5394,4
5395,9
5396,7
5397,1
5398,3
5399,2
5400,8
5401,7
5402,5
5403,6
5404,5
5405,8
5406,9
5407,2
5408,4
5409,1
5410,2
5411,9
5412,2
5413,3
5414,1
5415,2
5416,5
5417,2
5418,1
5419,6
5420,1
5421,1
5422,6
5423,1
5424,1
5425,1
5426,10
5427,9
5428,8
5429,7
5430,1
5431,10
5432,4
5433,5
5434,1
5435,6
5436,8
5437,8
5438,9
5439,4
5440,5
5441,1
5442,4
5443,1
5444,1
5445,4
5446,8
5447,1
5448,1
5449,8
5450,1
5451,1
5452,4
5453,4
5454,1
5455,6
5456,3
5457,5
5458,5
5459,2
5460,10
5461,1
5462,5
5463,5
5464,5
5465,10
5466,1
5467,6
5468,8
5469,1
5470,10
5471,1
5472,5
5473,2
5474,7
5475,6
5476,4
5477,5
5478,9
5479,4
5480,5
5481,3
5482,2
5483,7
5484,1
5485,7
5486,1
5487,5
5488,2
5489,2
5490,5
5491,5
5492,5
5493,5
5494,1
5495,10
5496,1
5497,5
5498,1
5499,2
5500,1
5501,4
5502,5
5503,5
5504,2
5505,9
5506,4
5507,1
5508,4
5509,4
5510,1
5511,6
5512,7
5513,4
5514,4
5515,2
5516,5
5517,6
5518,2
5519,8
5520,2
5521,1
5522,1
5523,7
5524,2
5525,3
5526,4
5527,4
5528,1
5529,3
5530,4
5531,1
5532,4
5533,4
5534,6
5535,3
5536,1
5537,4
5538,3
5539,1
5540,4
5541,8
5542,5
5543,2
5544,10
5545,2
5546,6
5547,2
5548,2
5549,1
5550,10
5551,8
5552,5
5553,2
5554,7
5555,6
5556,8
5557,2
5558,10
5559,2
5560,2
5561,5
5562,1
5563,1
5564,8
5565,1
5566,2
5567,2
5568,3
5569,8
5570,1
5571,5
5572,1
5573,7
5574,6
5575,5
5576,1
5577,10
5578,9
5579,1
5580,2
5581,1
5582,1
5583,8
5584,1
5585,4
5586,4
5587,9
5588,2
5589,5
5590,9
5591,6
5592,7
5593,9
5594,9
5595,6
5596,1
5597,5
5598,1
5599,7
5600,8
5601,2
5602,1
5603,6
5604,1
5605,1
5606,1
5607,1
5608,8
5609,8
5610,1
5611,1
5612,3
5613,1
5614,7
5615,2
5616,1
5617,6
5618,6
5619,4
5620,6
5621,7
5622,2
5623,2
5624,1
5625,1
5626,1
5627,8
5628,1
5629,1
5630,1
5631,2
5632,6
5633,4
5634,4
5635,6
5636,1
5637,2
5638,7
5639,2
5640,2
5641,2
5642,5
5643,1
5644,7
5645,1
5646,4
5647,4
5648,3
5649,1
5650,5
5651,5
5652,1
5653,6
5654,8
5655,8
5656,1
5657,7
5658,5
5659,6
5660,8
5661,4
5662,1
5663,1
5664,8
5665,2
5666,4
5667,3
5668,2
5669,1
5670,8
5671,10
5672,1
5673,4
5674,4
5675,1
5676,4
5677,4
5678,4
5679,9
5680,2
5681,1
5682,1
5683,9
5684,1
5685,1
5686,4
5687,1
5688,2
5689,8
5690,1
5691,1
5692,5
5693,2
5694,6
5695,9
5696,5
5697,2
5698,4
5699,6
5700,4
5701,3
5702,1
5703,7
5704,6
5705,5
5706,4
5707,6
5708,6
5709,4
5710,5
5711,1
5712,8
5713,8
5714,4
5715,2
5716,8
5717,7
5718,2
5719,1
5720,3
5721,4
5722,2
5723,2
5724,6
5725,4
5726,6
5727,7
5728,2
5729,7
5730,1
5731,5
5732,3
5733,4
5734,4
5735,10
5736,4
5737,6
5738,5
5739,1
5740,1
5741,5
5742,1
5743,1
5744,1
5745,10
5746,1
5747,4
5748,4
5749,4
5750,7
5751,1
5752,4
5753,1
5754,1
5755,4
5756,4
5757,4
5758,2
5759,6
5760,2
5761,6
5762,5
5763,3
5764,2
5765,1
5766,10
5767,1
5768,2
5769,6
5770,9
5771,2
5772,2
5773,10
5774,8
5775,6
5776,8
5777,6
5778,8
5779,2
5780,1
5781,3
5782,8
5783,7
5784,10
5785,1
5786,4
5787,2
5788,4
5789,2
5790,2
5791,7
5792,4
5793,1
5794,1
5795,6
5796,5
5797,8
5798,1
5799,4
5800,6
5801,4
5802,10
5803,5
5804,8
5805,4
5806,1
5807,5
5808,1
5809,3
5810,5
5811,2
5812,5
5813,4
5814,2
5815,5
5816,5
5817,1
5818,2
5819,4
5820,2
5821,4
5822,2
5823,9
5824,8
5825,4
5826,10
5827,5
5828,1
5829,1
5830,9
5831,5
5832,2
5833,10
5834,2
5835,1
5836,1
5837,1
5838,8
5839,7
5840,6
5841,5
5842,6
5843,1
5844,9
5845,6
5846,9
5847,6
5848,10
5849,10
5850,5
5851,1
5852,1
5853,4
5854,8
5855,2
5856,4
5857,10
5858,2
5859,1
5860,1
5861,4
5862,6
5863,2
5864,9
5865,8
5866,4
5867,1
5868,10
5869,10
5870,1
5871,1
5872,1
5873,7
5874,8
5875,5
5876,2
5877,7
5878,4
5879,5
5880,10
5881,1
5882,2
5883,6
5884,2
5885,5
5886,6
5887,6
5888,2
5889,2
5890,5
5891,1
5892,2
5893,4
5894,1
5895,6
5896,6
5897,6
5898,5
5899,4
5900,8
5901,8
5902,3
5903,8
5904,10
5905,1
5906,4
5907,6
5908,1
5909,3
5910,9
5911,8
5912,5
5913,1
5914,8
5915,7
5916,8
5917,2
5918,4
5919,8
5920,3
5921,8
5922,2
5923,10
5924,4
5925,7
5926,5
5927,2
5928,1
5929,2
5930,3
5931,6
5932,6
5933,10
5934,7
5935,6
5936,4
5937,1
5938,6
5939,3
5940,10
5941,4
5942,7
5943,2
5944,9
5945,4
5946,7
5947,4
5948,4
5949,10
5950,6
5951,2
5952,7
5953,9
5954,9
5955,5
5956,3
5957,1
5958,1
5959,4
5960,2
5961,5
5962,4
5963,2
5964,2
5965,1
5966,1
5967,4
5968,1
5969,5
5970,6
5971,1
5972,2
5973,4
5974,2
5975,3
5976,8
5977,1
5978,2
5979,9
5980,2
5981,8
5982,3
5983,4
5984,2
5985,1
5986,2
5987,7
5988,1
5989,1
5990,2
5991,6
5992,4
5993,1
5994,2
5995,1
5996,9
5997,2
5998,2
5999,8
6000,2
6001,1
6002,6
6003,6
6004,7
6005,1
6006,2
6007,6
6008,2
6009,10
6010,2
6011,6
6012,9
6013,4
6014,1
6015,8
6016,6
6017,8
6018,4
6019,2
6020,6
6021,6
6022,4
6023,4
6024,3
6025,1
6026,4
6027,1
6028,10
6029,1
6030,2
6031,8
6032,8
6033,8
6034,5
6035,6
6036,3
6037,4
6038,6
6039,8
6040,2
6041,4
6042,7
6043,9
6044,8
6045,2
6046,2
6047,1
6048,2
6049,7
6050,4
6051,5
6052,2
6053,2
6054,2
6055,6
6056,6
6057,5
6058,1
6059,8
6060,10
6061,1
6062,8
6063,5
6064,5
6065,4
6066,5
6067,6
6068,2
6069,1
6070,2
6071,1
6072,5
6073,3
6074,2
6075,2
6076,5
6077,10
6078,1
6079,4
6080,2
6081,4
6082,5
6083,4
6084,4
6085,5
6086,10
6087,5
6088,3
6089,10
6090,2
6091,1
6092,5
6093,5
6094,1
6095,8
6096,9
6097,10
6098,8
6099,4
6100,8
6101,2
6102,1
6103,7
6104,7
6105,6
6106,10
6107,8
6108,9
6109,5
6110,7
6111,1
6112,8
6113,2
6114,1
6115,1
6116,9
6117,2
6118,7
6119,10
6120,2
6121,1
6122,5
6123,3
6124,7
6125,1
6126,6
6127,4
6128,1
6129,4
6130,1
6131,1
6132,10
6133,7
6134,4
6135,6
6136,8
6137,6
6138,1
6139,7
6140,1
6141,9
6142,5
6143,2
6144,1
6145,1
6146,1
6147,1
6148,6
6149,4
6150,2
6151,6
6152,4
6153,4
6154,1
6155,5
6156,2
6157,10
6158,1
6159,1
6160,3
6161,1
6162,10
6163,1
6164,4
6165,5
6166,3
6167,2
6168,8
6169,8
6170,5
6171,3
6172,6
6173,6
6174,6
6175,5
6176,3
6177,1
6178,4
6179,2
6180,2
6181,1
6182,4
6183,10
6184,2
6185,4
6186,1
6187,6
6188,6
6189,5
6190,5
6191,5
6192,1
6193,10
6194,1
6195,6
6196,6
6197,5
6198,2
6199,7
6200,1
6201,2
6202,9
6203,6
6204,1
6205,6
6206,4
6207,1
6208,8
6209,6
6210,2
6211,6
6212,1
6213,8
6214,6
6215,4
6216,2
6217,4
6218,4
6219,3
6220,4
6221,1
6222,1
6223,9
6224,1
6225,4
6226,1
6227,8
6228,1
6229,2
6230,4
6231,4
6232,2
6233,2
6234,10
6235,1
6236,1
6237,2
6238,1
6239,6
6240,4
6241,1
6242,2
6243,7
6244,4
6245,2
6246,7
6247,2
6248,8
6249,6
6250,4
6251,1
6252,8
6253,8
6254,8
6255,10
6256,4
6257,1
6258,9
6259,10
6260,4
6261,1
6262,3
6263,1
6264,5
6265,2
6266,1
6267,5
6268,1
6269,4
6270,4
6271,8
6272,4
6273,7
6274,5
6275,9
6276,6
6277,10
6278,8
6279,1
6280,6
6281,7
6282,5
6283,5
6284,2
6285,8
6286,9
6287,1
6288,6
6289,9
6290,8
6291,6
6292,5
6293,1
6294,8
6295,5
6296,10
6297,1
6298,2
6299,10
6300,2
6301,5
6302,1
6303,3
6304,4
6305,5
6306,3
6307,1
6308,5
6309,4
6310,6
6311,4
6312,1
6313,6
6314,9
6315,2
6316,10
6317,9
6318,1
6319,4
6320,1
6321,3
6322,4
6323,6
6324,2
6325,5
6326,5
6327,1
6328,1
6329,2
6330,8
6331,6
6332,9
6333,6
6334,8
6335,4
6336,7
6337,8
6338,5
6339,1
6340,5
6341,8
6342,4
6343,6
6344,5
6345,6
6346,2
6347,1
6348,6
6349,5
6350,8
6351,1
6352,9
6353,2
6354,3
6355,7
6356,4
6357,4
6358,10
6359,1
6360,2
6361,4
6362,6
6363,6
6364,2
6365,2
6366,5
6367,4
6368,2
6369,10
6370,2
6371,1
6372,6
6373,6
6374,1
6375,6
6376,8
6377,1
6378,2
6379,2
6380,2
6381,1
6382,1
6383,8
6384,1
6385,7
6386,7
6387,3
6388,2
6389,1
6390,6
6391,7
6392,1
6393,1
6394,5
6395,4
6396,1
6397,5
6398,8
6399,10
6400,3
6401,1
6402,1
6403,4
6404,5
6405,2
6406,10
6407,4
6408,4
6409,5
6410,7
6411,4
6412,4
6413,1
6414,5
6415,1
6416,2
6417,5
6418,1
6419,1
6420,5
6421,1
6422,10
6423,4
6424,2
6425,2
6426,2
6427,2
6428,1
6429,1
6430,1
6431,1
6432,2
6433,2
6434,9
6435,4
6436,7
6437,1
6438,4
6439,4
6440,2
6441,4
6442,10
6443,1
6444,5
6445,8
6446,2
6447,8
6448,5
6449,2
6450,5
6451,2
6452,5
6453,2
6454,1
6455,2
6456,8
6457,2
6458,8
6459,2
6460,1
6461,5
6462,2
6463,7
6464,2
6465,1
6466,4
6467,1
6468,9
6469,2
6470,1
6471,8
6472,1
6473,3
6474,2
6475,2
6476,5
6477,5
6478,3
6479,1
6480,2
6481,6
6482,8
6483,6
6484,2
6485,7
6486,8
6487,2
6488,1
6489,4
6490,4
6491,2
6492,1
6493,1
6494,5
6495,2
6496,1
6497,8
6498,7
6499,4
6500,4
6501,4
6502,2
6503,2
6504,4
6505,2
6506,1
6507,8
6508,8
6509,1
6510,4
6511,1
6512,1
6513,6
6514,1
6515,6
6516,4
6517,1
6518,3
6519,1
6520,4
6521,6
6522,7
6523,1
6524,5
6525,5
6526,9
6527,5
6528,1
6529,6
6530,3
6531,1
6532,1
6533,6
6534,3
6535,3
6536,8
6537,4
6538,4
6539,5
6540,1
6541,1
6542,8
6543,3
6544,6
